Workbook

Sheet Dashboard
A1: EV Charging Network — Operational Intelligence Dashboard
A2: BayWa Mobility Solutions · FY 2024–2025 · Charging Network Performance Review
A4: Total Energy Delivered | C4: Total Sessions | E4: Avg DCFC Utilisation | G4: Peak Load Hour | I4: Est. Annual Revenue
A5: 188.5 MWh | C5: 7,821 | E5: 66% | G5: 18:00 – 20:00 | I5: $41,087
A6: 2023 Total | C6: 2023 Total | E6: 2023 Total | G6: 2023 Total | I6: 2023 Total
A8: Station Type | B8: Avg Utilisation | C8: Target | E8: Month | F8: DCFC Util. | G8: Target (65%)
A9: Level 1 | B9: 0.267 | C9: 0.28 | E9: Jan | F9: 0.6 | G9: 0.65
A10: Level 2 | B10: 0.44 | C10: 0.42 | E10: Feb | F10: 0.57 | G10: 0.65
A11: DC Fast | B11: 0.66 | C11: 0.65 | E11: Mar | F11: 0.63 | G11: 0.65
E12: Apr | F12: 0.66 | G12: 0.65
E13: May | F13: 0.7 | G13: 0.65
E14: Jun | F14: 0.72 | G14: 0.65
E15: Jul | F15: 0.74 | G15: 0.65
E16: Aug | F16: 0.73 | G16: 0.65
E17: Sep | F17: 0.7 | G17: 0.65
E18: Oct | F18: 0.67 | G18: 0.65
E19: Nov | F19: 0.62 | G19: 0.65
E20: Dec | F20: 0.58 | G20: 0.65

Sheet Rate Table
A1: EV Charging — Time-of-Use Rate Table
A2: Period | B2: Start Hour (0–23) | C2: Rate ($/kWh) | D2: Rate Band
A3: Off-Peak | B3: 0 | C3: 0.082 | D3: Low
A4: Off-Peak | B4: 1 | C4: 0.082 | D4: Low
A5: Off-Peak | B5: 2 | C5: 0.082 | D5: Low
A6: Off-Peak | B6: 3 | C6: 0.082 | D6: Low
A7: Off-Peak | B7: 4 | C7: 0.082 | D7: Low
A8: Off-Peak | B8: 5 | C8: 0.082 | D8: Low
A9: Off-Peak | B9: 6 | C9: 0.082 | D9: Low
A10: Mid-Peak | B10: 7 | C10: 0.142 | D10: Medium
A11: Mid-Peak | B11: 8 | C11: 0.142 | D11: Medium
A12: Mid-Peak | B12: 9 | C12: 0.142 | D12: Medium
A13: Mid-Peak | B13: 10 | C13: 0.142 | D13: Medium
A14: Mid-Peak | B14: 11 | C14: 0.142 | D14: Medium
... A26: Off-Peak | B26: 23 | C26: 0.082 | D26: Low

Sheet Station Specs
A1: Station Hardware Specifications
A2: Station Type | B2: Max Power (kW) | C2: Avg Session (hrs) | D2: Connector Type | E2: Target Utilisation | F2: Notes
A3: Level 1 (L1) | B3: 1.4 | C3: 8.5 | D3: Standard 120V | E3: 28% | F3: Overnight residential; lowest throughput
A4: Level 2 (L2) | B4: 7.2 | C4: 2.8 | D4: J1772 / Type 2 | E4: 42% | F4: Primary fleet & workplace charger
A5: DC Fast Charger (DCFC) | B5: 150 | C5: 0.4 | D5: CCS / CHAdeMO | E5: 65% | F5: Highway corridor; highest demand & revenue

Sheet Raw Data
A1: Monthly Charging Session Data — 2023
A2: Station Type | B2: Month | C2: Sessions | D2: Avg kWh / Session | E2: Total kWh Delivered | F2: Utilisation Rate | G2: Target Util. | H2: vs Target (pp) | I2: Rate ($/kWh) | J2: Est. Revenue ($)
A3: Level 2 (L2) | B3: Jan | C3: 312 | D3: 18.2 | E3: 5678.4 | F3: 0.38 | G3: 0.42 | H3: -4 | I3: =VLOOKUP(17,'Rate Table'!$B$3:$C$26,2,TRUE) | J3: =C3*D3*I3
A4: Level 2 (L2) | B4: Feb | C4: 285 | D4: 17.8 | E4: 5073 | F4: 0.36 | G4: 0.42 | H4: -6 | I4: =VLOOKUP(17,'Rate Table'!$B$3:$C$26,2,TRUE) | J4: =C4*D4*I4
A5: Level 2 (L2) | B5: Mar | C5: 340 | D5: 19.1 | E5: 6494 | F5: 0.4 | G5: 0.42 | H5: -2 | I5: =VLOOKUP(17,'Rate Table'!$B$3:$C$26,2,TRUE) | J5: =C5*D5*I5
A6: Level 2 (L2) | B6: Apr | C6: 388 | D6: 20.4 | E6: 7915.2 | F6: 0.44 | G6: 0.42 | H6: 2 | I6: =VLOOKUP(17,'Rate Table'!$B$3:$C$26,2,TRUE) | J6: =C6*D6*I6
A7: Level 2 (L2) | B7: May | C7: 421 | D7: 21 | E7: 8841 | F7: 0.48 | G7: 0.42 | H7: 6 | I7: =VLOOKUP(17,'Rate Table'!$B$3:$C$26,2,TRUE) | J7: =C7*D7*I7
A8: Level 2 (L2) | B8: Jun | C8: 445 | D8: 21.5 | E8: 9567.5 | F8: 0.5 | G8: 0.42 | H8: 8 | I8: =VLOOKUP(17,'Rate Table'!$B$3:$C$26,2,TRUE) | J8: =C8*D8*I8
A9: Level 2 (L2) | B9: Jul | C9: 458 | D9: 21.8 | E9: 9984.4 | F9: 0.52 | G9: 0.42 | H9: 10 | I9: =VLOOKUP(17,'Rate Table'!$B$3:$C$26,2,TRUE) | J9: =C9*D9*I9
A10: Level 2 (L2) | B10: Aug | C10: 442 | D10: 21.3 | E10: 9414.6 | F10: 0.51 | G10: 0.42 | H10: 9 | I10: =VLOOKUP(17,'Rate Table'!$B$3:$C$26,2,TRUE) | J10: =C10*D10*I10
A11: Level 2 (L2) | B11: Sep | C11: 415 | D11: 20.6 | E11: 8549 | F11: 0.49 | G11: 0.42 | H11: 7 | I11: =VLOOKUP(17,'Rate Table'!$B$3:$C$26,2,TRUE) | J11: =C11*D11*I11
A12: Level 2 (L2) | B12: Oct | C12: 374 | D12: 19.5 | E12: 7293 | F12: 0.44 | G12: 0.42 | H12: 2 | I12: =VLOOKUP(17,'Rate Table'!$B$3:$C$26,2,TRUE) | J12: =C12*D12*I12
A13: Level 2 (L2) | B13: Nov | C13: 325 | D13: 18 | E13: 5850 | F13: 0.4 | G13: 0.42 | H13: -2 | I13: =VLOOKUP(17,'Rate Table'!$B$3:$C$26,2,TRUE) | J13: =C13*D13*I13
A14: Level 2 (L2) | B14: Dec | C14: 298 | D14: 17.2 | E14: 5125.6 | F14: 0.36 | G14: 0.42 | H14: -6 | I14: =VLOOKUP(17,'Rate Table'!$B$3:$C$26,2,TRUE) | J14: =C14*D14*I14
... A38: Level 1 (L1) | B38: Dec | C38: 75 | D38: 7 | E38: 525 | F38: 0.21 | G38: 0.28 | H38: -7 | I38: =VLOOKUP(17,'Rate Table'!$B$3:$C$26,2,TRUE) | J38: =C38*D38*I38

Sheet Duck Curve
A1: Hourly Charging Load Profile — "Duck Curve" (Annual Average)
A2: Hour of Day | B2: Label | C2: Avg Grid Load (kW) | D2: Rate Band
A3: 0 | B3: 00:00 | C3: 42 | D3: Off-Peak
A4: 1 | B4: 01:00 | C4: 38 | D4: Off-Peak
A5: 2 | B5: 02:00 | C5: 34 | D5: Off-Peak
A6: 3 | B6: 03:00 | C6: 31 | D6: Off-Peak
A7: 4 | B7: 04:00 | C7: 30 | D7: Off-Peak
A8: 5 | B8: 05:00 | C8: 33 | D8: Off-Peak
A9: 6 | B9: 06:00 | C9: 48 | D9: Off-Peak
A10: 7 | B10: 07:00 | C10: 72 | D10: Mid-Peak
A11: 8 | B11: 08:00 | C11: 91 | D11: Mid-Peak
A12: 9 | B12: 09:00 | C12: 98 | D12: Mid-Peak
A13: 10 | B13: 10:00 | C13: 94 | D13: Mid-Peak
A14: 11 | B14: 11:00 | C14: 88 | D14: Mid-Peak
... A26: 23 | B26: 23:00 | C26: 82 | D26: Off-Peak

Sheet Station Summary
A1: Annual Performance Summary by Station Type
A2: Station Type | B2: Total Sessions | C2: Total kWh | D2: Avg Utilisation | E2: Target Util. | F2: vs Target (pp) | G2: Est. Annual Revenue ($)
A3: Level 2 (L2) | B3: 4503 | C3: 89786 | D3: 44.0% | E3: 42% | F3: 2 | G3: 19573
A4: DC Fast Charger (DCFC) | B4: 2117 | C4: 88396 | D4: 66.0% | E4: 65% | F4: 1 | G4: 19270
A5: Level 1 (L1) | B5: 1201 | C5: 10290 | D5: 26.7% | E5: 28% | F5: -1.3 | G5: 2243
