Workbook

Sheet Dashboard
B2: Meridian Insurance Group
B3: Internal Communications — Full Year Performance Report | Jan – Dec 2024
B6: Total Reach | E6: Total Engagements | H6: Email Open Rate | K6: Avg LinkedIn Eng.
B7: 78,764 | E7: 11,460 | H7: 51.2% | K7: 3.8%
B8: All channels combined | E8: Opens, visits, reactions | H8: Annual avg vs 47% benchmark | K8: Annual avg vs 3.5% benchmark
B28: Data covers Jan–Dec 2024 across three internal comms channels. Benchmarks sourced from industry standards for financial services internal communications.

Sheet Raw Data
A1: Meridian Insurance Group — Internal Communications Channel Report 2024
A2: Channel | B2: Month | C2: Campaign / Content | D2: Reach | E2: Engagements | F2: Clicks | G2: Eng. Rate | H2: CTR | I2: Benchmark Eng. Rate | J2: vs Benchmark
A3: Email Newsletter | B3: Jan 2024 | C3: Monthly All-Staff Update | D3: 891 | E3: 423 | F3: 67 | G3: =E3/D3 | H3: =F3/D3 | I3: =VLOOKUP(A3,Benchmarks!$A$3:$D$5,2,FALSE) | J3: =G3-I3
A4: Email Newsletter | B4: Feb 2024 | C4: Monthly All-Staff Update | D4: 891 | E4: 445 | F4: 71 | G4: =E4/D4 | H4: =F4/D4 | I4: =VLOOKUP(A4,Benchmarks!$A$3:$D$5,2,FALSE) | J4: =G4-I4
A5: Email Newsletter | B5: Mar 2024 | C5: Q1 Town Hall Follow-Up | D5: 895 | E5: 501 | F5: 83 | G5: =E5/D5 | H5: =F5/D5 | I5: =VLOOKUP(A5,Benchmarks!$A$3:$D$5,2,FALSE) | J5: =G5-I5
A6: Email Newsletter | B6: Apr 2024 | C6: Monthly All-Staff Update | D6: 895 | E6: 478 | F6: 74 | G6: =E6/D6 | H6: =F6/D6 | I6: =VLOOKUP(A6,Benchmarks!$A$3:$D$5,2,FALSE) | J6: =G6-I6
A7: Email Newsletter | B7: May 2024 | C7: Monthly All-Staff Update | D7: 898 | E7: 432 | F7: 68 | G7: =E7/D7 | H7: =F7/D7 | I7: =VLOOKUP(A7,Benchmarks!$A$3:$D$5,2,FALSE) | J7: =G7-I7
A8: Email Newsletter | B8: Jun 2024 | C8: Mid-Year Review Digest | D8: 898 | E8: 395 | F8: 58 | G8: =E8/D8 | H8: =F8/D8 | I8: =VLOOKUP(A8,Benchmarks!$A$3:$D$5,2,FALSE) | J8: =G8-I8
A9: Email Newsletter | B9: Jul 2024 | C9: Monthly All-Staff Update | D9: 900 | E9: 382 | F9: 52 | G9: =E9/D9 | H9: =F9/D9 | I9: =VLOOKUP(A9,Benchmarks!$A$3:$D$5,2,FALSE) | J9: =G9-I9
A10: Email Newsletter | B10: Aug 2024 | C10: Monthly All-Staff Update | D10: 900 | E10: 398 | F10: 61 | G10: =E10/D10 | H10: =F10/D10 | I10: =VLOOKUP(A10,Benchmarks!$A$3:$D$5,2,FALSE) | J10: =G10-I10
A11: Email Newsletter | B11: Sep 2024 | C11: Q3 Town Hall Follow-Up | D11: 902 | E11: 487 | F11: 79 | G11: =E11/D11 | H11: =F11/D11 | I11: =VLOOKUP(A11,Benchmarks!$A$3:$D$5,2,FALSE) | J11: =G11-I11
A12: Email Newsletter | B12: Oct 2024 | C12: Monthly All-Staff Update | D12: 902 | E12: 512 | F12: 88 | G12: =E12/D12 | H12: =F12/D12 | I12: =VLOOKUP(A12,Benchmarks!$A$3:$D$5,2,FALSE) | J12: =G12-I12
A13: Email Newsletter | B13: Nov 2024 | C13: Year-End Planning Update | D13: 905 | E13: 534 | F13: 95 | G13: =E13/D13 | H13: =F13/D13 | I13: =VLOOKUP(A13,Benchmarks!$A$3:$D$5,2,FALSE) | J13: =G13-I13
A14: Email Newsletter | B14: Dec 2024 | C14: Annual Wrap-Up & Highlights | D14: 905 | E14: 489 | F14: 76 | G14: =E14/D14 | H14: =F14/D14 | I14: =VLOOKUP(A14,Benchmarks!$A$3:$D$5,2,FALSE) | J14: =G14-I14
... A38: LinkedIn | B38: Dec 2024 | C38: Thought Leadership & News | D38: 5100 | E38: 194 | F38: 72 | G38: =E38/D38 | H38: =F38/D38 | I38: =VLOOKUP(A38,Benchmarks!$A$3:$D$5,2,FALSE) | J38: =G38-I38

Sheet Benchmarks
A1: Channel Benchmarks — Reference Table (used by VLOOKUP in Raw Data)
A2: Channel | B2: Benchmark Eng. Rate | C2: Benchmark CTR | D2: Notes
A3: Email Newsletter | B3: 0.47 | C3: 0.08 | D3: Industry avg open rate for internal email comms
A4: Intranet | B4: 0.35 | C4: 0.15 | D4: Internal target for monthly unique visitor rate
A5: LinkedIn | B5: 0.035 | C5: 0.012 | D5: Industry avg engagement rate for B2B company pages

Sheet Channel Summary
A1: Channel Summary — Full Year 2024
A2: Channel | B2: Total Reach | C2: Total Engagements | D2: Total Clicks | E2: Avg Eng. Rate | F2: Avg CTR | G2: Benchmark Eng. Rate
A3: Email Newsletter | B3: 10782 | C3: 5476 | D3: 872
A4: Intranet | B4: 10782 | C4: 3786 | D4: 1609
A5: LinkedIn | B5: 57200 | C5: 2198 | D5: 816
A6: All Channels | B6: 78764 | C6: 11460 | D6: 3297 | E6: — | F6: — | G6: —

Sheet Monthly Trend
A1: Monthly Engagement Rate Trend — Email Newsletter 2024
A2: Month | B2: Reach | C2: Engagements | D2: Clicks | E2: Eng. Rate | F2: Benchmark (47%)
A3: Jan 2024 | B3: 891 | C3: 423 | D3: 67 | E3: 0.47474747 | F3: 0.47
A4: Feb 2024 | B4: 891 | C4: 445 | D4: 71 | E4: 0.49943883 | F4: 0.47
A5: Mar 2024 | B5: 895 | C5: 501 | D5: 83 | E5: 0.55977654 | F5: 0.47
A6: Apr 2024 | B6: 895 | C6: 478 | D6: 74 | E6: 0.53407821 | F6: 0.47
A7: May 2024 | B7: 898 | C7: 432 | D7: 68 | E7: 0.48106904 | F7: 0.47
A8: Jun 2024 | B8: 898 | C8: 395 | D8: 58 | E8: 0.43986637 | F8: 0.47
A9: Jul 2024 | B9: 900 | C9: 382 | D9: 52 | E9: 0.42444444 | F9: 0.47
A10: Aug 2024 | B10: 900 | C10: 398 | D10: 61 | E10: 0.44222222 | F10: 0.47
A11: Sep 2024 | B11: 902 | C11: 487 | D11: 79 | E11: 0.53991131 | F11: 0.47
A12: Oct 2024 | B12: 902 | C12: 512 | D12: 88 | E12: 0.56762749 | F12: 0.47
A13: Nov 2024 | B13: 905 | C13: 534 | D13: 95 | E13: 0.59005525 | F13: 0.47
A14: Dec 2024 | B14: 905 | C14: 489 | D14: 76 | E14: 0.54033149 | F14: 0.47
